datum,2014-01-01,2014-01-02,2014-01-03,2014-01-04,2014-01-05,2014-01-06,2014-01-07,2014-01-08,2014-01-09,2014-01-10,2014-01-11,2014-01-12,2014-01-13,2014-01-14,2014-01-15,2014-01-16,2014-01-17,2014-01-18,2014-01-19,2014-01-20,2014-01-21,2014-01-22,2014-01-23,2014-01-24,2014-01-25,2014-01-26,2014-01-27,2014-01-28,2014-01-29,2014-01-30,2014-01-31,2014-02-01,2014-02-02,2014-02-03,2014-02-04,2014-02-05,2014-02-06,2014-02-07,2014-02-08,2014-02-09,2014-02-10,2014-02-11,2014-02-12,2014-02-13,2014-02-14,2014-02-15,2014-02-16,2014-02-17,2014-02-18,2014-02-19,2014-02-20,2014-02-21,2014-02-22,2014-02-23,2014-02-24,2014-02-25,2014-02-26,2014-02-27,2014-02-28,2014-03-01,2014-03-02,2014-03-03,2014-03-04,2014-03-05,2014-03-06,2014-03-07,2014-03-08,2014-03-09,2014-03-10,2014-03-11,2014-03-12,2014-03-13,2014-03-14,2014-03-15,2014-03-16,2014-03-17,2014-03-18,2014-03-19,2014-03-20,2014-03-21,2014-03-22,2014-03-23,2014-03-24,2014-03-25,2014-03-26,2014-03-27,2014-03-28,2014-03-29,2014-03-30,2014-03-31,2014-04-01,2014-04-02,2014-04-03,2014-04-04,2014-04-05,2014-04-06,2014-04-07,2014-04-08,2014-04-09,2014-04-10,2014-04-11,2014-04-12,2014-04-13,2014-04-14,2014-04-15,2014-04-16,2014-04-17,2014-04-18,2014-04-19,2014-04-20,2014-04-21,2014-04-22,2014-04-23,2014-04-24,2014-04-25,2014-04-26,2014-04-27,2014-04-28,2014-04-29,2014-04-30,2014-05-01,2014-05-02,2014-05-03,2014-05-04,2014-05-05,2014-05-06,2014-05-07,2014-05-08,2014-05-09,2014-05-10,2014-05-11,2014-05-12,2014-05-13,2014-05-14,2014-05-15,2014-05-16,2014-05-17,2014-05-18,2014-05-19,2014-05-20,2014-05-21,2014-05-22,2014-05-23,2014-05-24,2014-05-25,2014-05-26,2014-05-27,2014-05-28,2014-05-29,2014-05-30,2014-05-31,2014-06-01,2014-06-02,2014-06-03,2014-06-04,2014-06-05,2014-06-06,2014-06-07,2014-06-08,2014-06-09,2014-06-10,2014-06-11,2014-06-12,2014-06-13,2014-06-14,2014-06-15,2014-06-16,2014-06-17,2014-06-18,2014-06-19,2014-06-20,2014-06-21,2014-06-22,2014-06-23,2014-06-24,2014-06-25,2014-06-26,2014-06-27,2014-06-28,2014-06-29,2014-06-30,2014-07-01,2014-07-02,2014-07-03,2014-07-04,2014-07-05,2014-07-06,2014-07-07,2014-07-08,2014-07-09,2014-07-10,2014-07-11,2014-07-12,2014-07-13,2014-07-14,2014-07-15,2014-07-16,2014-07-17,2014-07-18,2014-07-19,2014-07-20,2014-07-21,2014-07-22,2014-07-23,2014-07-24,2014-07-25,2014-07-26,2014-07-27,2014-07-28,2014-07-29,2014-07-30,2014-07-31,2014-08-01,2014-08-02,2014-08-03,2014-08-04,2014-08-05,2014-08-06,2014-08-07,2014-08-08,2014-08-09,2014-08-10,2014-08-11,2014-08-12,2014-08-13,2014-08-14,2014-08-15,2014-08-16,2014-08-17,2014-08-18,2014-08-19,2014-08-20,2014-08-21,2014-08-22,2014-08-23,2014-08-24,2014-08-25,2014-08-26,2014-08-27,2014-08-28,2014-08-29,2014-08-30,2014-08-31,2014-09-01,2014-09-02,2014-09-03,2014-09-04,2014-09-05,2014-09-06,2014-09-07,2014-09-08,2014-09-09,2014-09-10,2014-09-11,2014-09-12
b02501,704,1055,1023,953,725,645,654,626,705,774,739,617,660,609,625,682,852,791,752,721,594,628,715,747,583,489,538,524,644,673,800,748,628,709,741,804,746,937,859,552,573,542,591,723,845,842,583,601,763,719,783,883,567,895,682,726,682,813,793,766,641,685,557,617,720,884,940,1073,798,747,776,811,962,676,580,716,672,696,804,998,830,630,786,755,811,853,983,997,1083,787,785,686,790,853,799,666,700,667,602,663,910,865,609,809,685,674,873,961,746,627,969,751,713,703,818,737,1030,692,666,879,1114,923,662,871,812,802,725,851,957,915,634,682,583,570,693,627,608,780,791,941,945,1011,1111,1194,1490,779,678,1056,990,1251,1247,1981,815,777,927,933,1530,1980,2155,2423,1194,939,888,1200,1353,1560,951,931,1223,1818,1298,1524,2495,1004,800,787,1122,1421,1658,1427,863,906,894,1185,1528,1452,2304,1090,852,829,1007,1567,1330,1465,913,1055,1209,1288,1761,2473,2157,1099,934,1047,1368,1418,1788,1638,1047,1057,950,1055,1468,2340,1891,1177,897,1145,1512,1936,2285,2331,1122,942,993,1204,1636,1644,2500,1621,1093,1018,1077,1400,1389,1471,1170,861,832,1239,1778,1115,1099,701,716,773,950,1099,1196,1568,1048,168,356,837,1003
b06404,3818,8963,9243,7600,5052,5096,10780,10584,10718,11793,7912,5855,10963,10625,10721,11148,11782,8389,5646,10962,10848,10933,10957,10725,7537,4749,10384,10232,10540,10070,10822,6116,3734,9727,10752,10910,10766,11844,8079,5171,11087,10863,11008,11508,12168,8448,5328,9879,10494,10589,10731,11211,7750,5996,11238,11396,11194,11521,12176,8671,6000,11342,10140,11120,11446,12186,8610,6319,11484,11145,11099,11221,12678,8955,6087,11165,11228,11484,11578,12129,8671,5562,11536,11037,11145,11205,12008,8144,6055,11853,11251,11559,11789,12201,9172,6186,11737,11537,11861,11753,12588,9570,6917,11457,11536,11418,11617,11087,6189,5324,5840,11341,11617,11800,12473,8221,6606,11509,11465,12849,6219,10521,7965,6558,11833,11776,11782,11706,12998,9013,6120,11693,11592,11516,11255,12109,9078,6180,11389,11455,11537,11440,11866,8622,6203,11496,11393,12913,5618,10431,7880,6099,11451,11490,11812,11673,12306,8293,6203,6358,11373,11276,11338,12291,8832,6506,11240,11494,12466,6534,9893,7614,6493,11147,11390,11313,11325,11899,8243,6516,11733,11671,11588,11715,11978,8235,6437,10793,11024,11381,11369,11396,7567,5293,10561,10788,10640,10623,10775,7761,6173,10614,10788,11498,11604,12081,8468,5598,11236,10843,11034,10940,11497,8294,6933,10528,10771,10766,10822,11157,8186,6727,10313,11138,11045,11639,5920,8272,7404,10836,10741,11038,11392,11473,8236,6712,11056,11111,11229,11442,11552,8979,6042,11470,11218,11319,11185,11668,8445,6610,11552,11379,11536,11431,12301
b06603,2542,6297,6023,4916,3463,3952,7326,6912,6933,7690,5343,4370,7015,6597,6908,7019,7632,5216,3888,7050,6799,7159,7063,6631,4983,3642,6809,6393,6610,5956,6964,4139,2610,6232,6704,6827,6921,7793,3327,3864,6782,6527,6696,7199,7793,5126,3930,6179,6349,6219,6492,6857,5129,4346,7232,7204,6893,7229,7961,5614,4780,7434,6152,7114,7169,8178,5608,4936,7359,7188,7379,7514,8464,5801,5073,7507,7653,7345,7783,8472,6283,5127,7593,7316,7424,7791,8274,6093,5576,8197,7588,7819,8001,8749,6130,5043,8146,7596,8079,7842,9016,6494,4808,7751,7682,7707,8001,7896,5376,4377,5011,8222,7733,7680,8746,6033,5336,8308,7855,9051,5226,8299,5928,5628,7796,7730,7614,8081,8972,6663,5149,7543,7722,7660,7639,8509,6672,5487,7457,7467,7479,7639,8509,6672,5487,7793,7627,9174,4992,7700,6287,5329,7605,7428,7687,8003,8661,6717,4711,5107,8292,7633,7231,8226,6177,6327,7599,7562,8798,5267,7367,5744,4960,7137,7450,7593,7658,8741,6299,4852,7809,7709,7743,7736,8050,6426,6022,7373,7088,7208,7522,7954,6442,4898,7207,7382,7433,7452,7769,6192,5068,7261,7373,7773,7618,7904,6434,4697,7476,7281,6957,7635,8047,6394,5269,7481,7352,7807,7844,7861,6057,5271,7375,7663,7777,8330,5172,7112,5761,7761,7849,8133,8339,8525,6629,5528,7971,7837,7903,7996,8525,7031,5528,8069,7910,7811,7892,8643,6414,4950,7581,7452,7524,7645,8334
b06701,8261,18231,19049,15568,11292,12109,21668,20705,20994,22649,16234,12324,21111,20814,20883,21491,23292,17520,12432,20881,20741,20692,21141,21325,15610,11081,20404,20148,20161,19659,21754,14953,10121,20760,21363,21370,22014,23941,16952,12194,21791,21322,21459,22609,24725,17529,12518,19644,20046,19887,20535,21806,15502,13024,21935,21594,21416,22247,24778,18107,13072,22180,20649,22098,22969,25179,19416,14747,22918,22161,22611,22918,24776,18341,14278,23441,23073,23555,23284,24903,18954,13572,23062,22376,23023,23154,24988,19078,15031,26324,23444,23279,23963,25724,19089,14722,22947,22951,23953,23894,25996,18381,14125,22772,22990,23463,23868,23362,14551,11270,12557,23642,23217,23236,24658,18508,14004,23714,22867,25355,13232,23597,17067,14695,24348,23662,23447,23624,25934,19334,14139,23764,23909,23379,23352,25257,18562,14447,24145,23761,23518,24357,26042,18945,15567,23577,23313,25809,13899,22803,17427,14478,24029,23489,23905,24751,26634,18539,14922,15511,24939,24314,22483,25001,18609,14834,23430,23330,25401,14323,21463,16962,14548,23245,22857,23326,24305,26270,18743,14847,24055,24175,23974,25369,27143,17999,16257,23841,22452,22653,22430,24448,17799,13369,22066,22565,22732,22375,23966,18124,15607,22277,21749,22244,23196,23576,16865,12812,21939,21609,21547,22718,24443,18731,14298,22550,21966,22357,22440,24015,16891,14577,21848,22200,22539,24637,13545,18270,14360,23178,21756,22495,22879,23944,18636,14614,22414,22268,22558,23311,24554,18199,13419,22085,23008,23583,23539,25237,18716,15228,23344,21453,23201,23703,25407
b06706,3880,9148,9385,6938,5263,5987,10958,10537,10689,11131,7410,5613,10911,10776,10497,10816,11456,7858,5764,10731,10826,10736,10720,10565,7011,4962,10401,9732,9757,9029,10377,5607,4245,10020,10238,10172,10407,11747,7551,5419,11072,10698,10810,10833,12105,7952,5630,9987,10574,10505,10603,11451,7285,6235,11287,11011,11049,11356,12496,9162,6898,11643,11364,11144,11687,12921,10269,7186,11707,11356,11614,11659,12752,8279,6747,11991,11669,11971,11985,12607,8591,6245,12137,11210,11580,11710,12687,8666,7336,12726,12279,12339,12315,12992,8775,7088,10920,11840,12339,12413,13326,8423,6774,12036,11980,12189,12297,11738,6633,5275,6345,11829,11917,12002,13010,8752,6613,12228,11841,13274,6730,11918,7959,7232,12210,12087,12185,13341,13116,8943,6557,12348,12099,12087,12053,13162,8626,6765,12368,12282,12446,12532,13209,9227,7535,12045,12310,13519,6799,11513,8071,6925,12297,12108,12447,12922,14255,9094,8129,9239,14063,13293,11960,13391,8825,6972,12288,11926,13357,7392,11053,8118,7623,12419,11619,11896,12651,13824,8486,7256,12686,12417,12584,13788,15176,9349,9160,13495,11986,12268,12203,12734,8881,6831,11839,11963,12527,12086,13141,9990,9155,12006,11868,12267,12879,12664,8140,6219,12137,12296,12206,12206,13599,10839,7659,11915,11489,12169,11712,12577,8520,8077,11773,11685,11950,12606,6983,9303,7482,12522,11778,12090,12114,12553,9224,7245,11911,11931,12060,12046,13662,8554,6418,12532,11936,12513,12082,13000,8899,7560,12813,10362,12256,12464,13344
b07004,7285,15699,16615,12999,8736,9157,18314,17633,17930,19575,13308,9260,18158,17893,17927,18434,19791,13998,9557,18212,17970,17993,18571,17489,12676,8435,17640,17007,16702,16705,17152,10196,6489,16304,17590,16447,18185,19686,13579,8880,18160,18033,17733,19115,20334,13916,8861,15431,16959,17137,17511,18275,12909,10121,18500,18321,18267,18909,20177,14082,9240,19048,16463,18499,19387,20619,14703,11188,19056,19026,19178,19142,20457,14760,10282,19314,19229,19908,19420,20794,15303,9663,18633,18781,18770,19158,20467,15651,11261,20213,19486,19455,19993,21121,15630,10776,19670,19434,19478,20352,21672,15442,10462,19202,19600,19796,19724,18836,12598,9706,10737,19802,19612,19952,21469,15033,10895,19804,19566,21989,11355,19276,14758,11609,19958,19970,19561,20282,21792,17050,11133,19738,19344,19001,19237,20415,14924,10844,19443,19430,19576,19854,21071,15614,11760,19678,19488,21034,10371,18298,14543,11172,19858,19521,20410,20348,21815,15420,12148,11939,19738,19456,18860,20634,15648,11227,19574,19751,21353,11269,18003,14909,12375,18989,18597,18485,19654,20830,15708,11293,19291,19812,19548,20532,21259,15143,12908,19036,18131,18946,18889,20011,14695,10558,18052,17657,18562,18727,19539,15265,12392,17849,18087,18544,18799,19569,13666,9927,17221,17945,18103,18336,20097,14190,11615,17518,17736,18407,18543,19443,14980,12391,17774,18330,18397,20240,11675,14951,13117,18660,18494,18691,19035,19152,14960,11329,18745,18930,18924,19235,20079,14629,9947,18892,18872,18997,19473,20719,14968,11694,19127,19201,19058,19383,20020
b07202,3125,7766,8177,6224,3833,4055,9908,9926,9926,10826,6694,2713,9995,9797,9976,9984,10752,6887,4719,9975,9829,9969,9885,9883,6492,3951,9675,9586,9755,9147,9843,5102,3022,9031,9712,9934,10192,10750,6736,4348,10057,10040,10039,7761,11300,6925,4475,9210,9742,9621,9946,10247,6550,4744,10480,10306,10254,10393,11394,7417,4933,10677,8885,10224,10497,11241,7628,3252,10600,10324,10324,10595,11489,7828,5352,10726,10782,10824,10811,11348,8106,4642,11774,10765,10591,10677,11471,7841,5688,11617,10708,10981,11004,11699,7830,5236,11051,10948,11127,11405,12436,8264,6277,11252,11308,11304,11074,10966,6372,4839,5358,11422,10959,11343,11844,7946,5768,11010,10900,12454,5665,10659,7602,5644,11387,11308,11148,8073,12255,8918,5646,11278,11333,11201,10895,11812,8280,6245,11222,11127,11392,11272,11409,9093,3303,11085,8898,12425,5455,10389,4989,5239,11097,9987,11246,10876,12339,8876,4445,4170,11258,11077,10986,11840,8192,3468,10735,10992,12161,5812,9994,7575,5616,10856,10886,11145,11347,11600,7820,3017,11427,11079,11030,11169,9960,7755,4371,10711,10515,10807,10962,11272,7576,4153,10460,10568,10455,10594,10955,7522,4308,10241,10241,10895,10751,10983,4957,3801,10181,10375,10507,10445,10729,7694,3241,10033,7886,10652,11085,14034,10570,3241,9991,10477,10372,10951,3633,4776,3514,10481,10336,10546,11047,11087,7320,3392,10690,10383,10891,10971,11354,5991,5452,11338,10951,10808,10955,11608,7836,5830,11017,10917,10970,10899,11817
b07307,2992,7001,7282,5582,3562,3736,9207,8980,9115,9658,6232,4216,9054,8784,9194,9280,9787,6615,4577,9109,9008,9056,9119,8633,6100,3833,8965,8340,8534,8207,8860,5173,2766,8095,8748,9151,8692,9860,6455,3982,9271,9036,8806,9676,10018,6574,3912,7787,8190,8230,8437,8635,5822,4192,9270,9252,9174,9378,10037,7023,4352,9284,8620,9294,9460,10008,6647,4764,9383,9270,9353,9506,9932,6780,4574,9599,9470,9259,9538,10006,7134,4297,9624,9114,9379,9687,9957,6863,5049,9617,9492,9655,9796,10343,7261,4439,9299,9387,9600,9784,10380,7007,4401,9147,9329,9536,9416,9643,6135,4108,4263,9517,9526,9809,10302,6500,4456,9534,8503,10352,4454,8389,6473,5063,9888,9583,9754,10021,10500,7500,5290,9618,9531,9614,9581,9964,6490,4630,9592,9648,9515,9866,10188,6731,4912,9665,9608,10224,4364,7953,6210,4266,9546,9610,9692,9886,10324,6579,4090,4050,9521,9393,9667,9678,6653,4516,9486,9392,10266,4248,7920,6119,4319,9212,9346,9330,9368,9934,6857,4517,9607,9488,9625,9932,10239,6660,4472,9173,8941,9319,9250,9707,6420,4246,8949,9026,9094,9260,9370,6049,4238,8872,8712,9017,9064,9128,6125,4066,8842,8844,8788,8961,9167,6266,4529,8436,8315,8496,8536,8686,6056,4450,8289,8194,8391,8883,4157,6047,4624,8886,8832,8915,9276,9262,6266,4292,8996,8869,9086,9398,9470,6317,4181,9288,9092,9228,9349,9388,6379,4388,9581,9373,9657,9626,10018
b09201,984,1383,1575,1251,990,971,1374,1252,1323,1494,1273,1005,1324,1341,1246,1360,1552,1363,966,1305,1277,1335,1367,1387,1185,993,1333,1221,1281,1282,1369,1212,814,1273,1406,1317,1424,1619,1260,743,1341,1186,1383,1352,1600,1417,1013,1040,1284,1268,1114,1539,1183,1104,1404,1408,1433,1418,1676,1408,982,1399,1203,1308,1324,1583,1398,1294,1399,1361,1430,1358,1737,1378,1167,1416,1407,1371,1493,1664,1464,966,1305,1347,1306,1397,1632,1526,1362,1527,1388,1398,1480,1728,1589,1273,1463,1478,1222,1556,1720,1640,1120,1561,1484,1553,1762,1871,1469,1012,1384,1492,1633,1630,1716,1536,1158,1145,1481,1702,1425,1866,1561,1542,1576,1476,1362,1561,1667,1680,1122,1185,1343,1421,1364,1696,1565,1284,1580,1676,1571,1745,1926,1906,1445,1487,1466,1817,1474,1914,2004,1923,1613,1508,1520,1508,2076,2096,1796,1727,1815,1464,1616,1847,2248,1620,1563,1520,1877,1615,2014,2058,1640,1525,1286,1198,1605,1894,1864,1489,1540,1685,1622,1738,2043,1896,2065,1731,1572,1556,1570,1912,1890,1551,1656,1731,1767,1782,2132,2352,1914,1791,1598,1711,1946,1933,2037,1526,1771,1703,1711,1813,2156,2073,1841,1766,1725,1833,1957,2366,2161,1820,1864,1649,1631,2074,1607,1935,1958,2053,1819,1742,1795,2138,1857,1617,1713,1599,1764,1760,1993,1529,1231,1421,1352,1555,1645,1739,1670,1463,1709,1573,1565,1485,1728
b11401,1398,2053,1972,1727,1295,1367,1683,1678,1778,1913,1664,1477,1927,1578,1671,1810,1897,1533,1403,1686,1564,1786,1847,1481,1085,880,1436,1312,1522,1520,1646,1261,1029,1471,1562,1704,1799,2007,1567,812,1572,1424,1666,1905,1932,1969,1462,1123,1578,1619,1678,2063,1574,1780,1842,1862,1946,2074,2196,1859,1383,1821,1489,1845,1922,2243,1956,1790,1994,1868,1888,2166,2403,1792,1454,1899,1936,1952,2171,2407,1807,1111,1484,1626,1770,1946,2161,1903,1823,2109,1857,1927,2007,2372,1693,1578,2162,1807,1944,2089,2472,2065,1678,2065,1514,1830,2370,2521,1943,1508,2135,2198,2131,2142,2387,1903,1876,2117,2004,2631,2086,2114,1804,2282,2313,2177,1972,2316,2537,2273,1901,2038,1875,1972,2032,2122,1771,2081,2280,2262,2550,2626,2983,2700,2786,2310,1870,3217,2855,2773,2736,3227,2361,2010,2308,2423,3618,3540,2914,3227,2760,2108,2150,2774,2785,2571,2548,2290,3390,3766,3246,3967,6182,2566,2122,2262,2654,3059,3080,2908,2449,2373,2317,2794,3253,3271,3598,2702,2202,2173,2537,3054,3415,3084,2434,2448,2648,2828,3301,4256,3262,2662,2197,2717,3165,3355,3933,3309,2761,2482,2761,3025,3872,4974,4598,2929,2628,2914,3254,3932,4305,3800,2733,2399,2667,3476,3083,3572,4443,3101,2483,2496,2729,3153,3288,2978,2769,2413,2651,2980,3415,3288,2931,2304,2112,2567,2781,3249,2945,3146,2471,2326,2308,2356,2782
b11503,2414,3659,4212,3447,2558,3214,2627,2671,2864,2950,2826,2516,2801,2454,2649,2818,3127,2800,2394,2609,2433,2817,2653,2737,2681,2223,2369,2556,2955,2851,3295,3204,2302,2657,2986,3086,3011,3598,3481,2372,2899,2682,2618,3402,3514,3927,2764,2357,3283,2952,3127,3822,2724,4133,3376,3463,3322,3220,3480,3610,2505,2930,2278,2777,2864,3832,3839,3939,3146,3172,3209,3382,3674,2705,1914,2794,3041,2653,3100,3510,3127,2007,2478,2470,2564,2799,2933,2905,2919,2823,2683,2750,2786,2887,2678,2078,2851,2686,2549,2563,3164,2587,1981,2826,2288,2298,2886,2806,2258,1979,2796,2905,2799,2843,3027,2617,2405,2746,2841,3327,2663,2982,2290,2634,2942,3078,2851,2928,3228,3164,2387,2818,2786,2817,2501,2522,2282,2238,3002,3103,3254,3272,3410,3312,3302,3102,3021,3718,3277,4399,4608,6525,3198,2858,3191,2924,3865,4369,4355,4772,3702,3148,2860,3257,3108,3399,3113,3137,3607,4026,3232,4123,5030,3125,2778,2752,3365,3624,3660,3037,3125,3159,3233,3569,4057,3420,4615,3228,2785,2823,2929,3158,3327,2768,2836,3016,3399,3335,3765,4584,4293,2983,2902,2778,3525,3262,3611,2742,2942,2949,2895,3132,3676,4208,4512,3208,3087,3269,3841,4355,5425,4181,3067,2782,3053,3500,3270,3448,4759,3830,3068,2937,3338,3926,3405,3485,3518,3004,2974,3697,4225,3288,2636,2733,2615,3012,3010,3324,2811,3165,3394,2908,2884,2738,2960
b14501,4021,6256,5991,5494,4096,3973,4615,4953,5325,5810,4929,4606,4690,4271,4147,4536,4825,4115,3845,4352,3971,4280,4628,4240,3697,3081,3742,3958,4406,4405,5110,4501,3568,4484,4754,4970,4981,5398,4646,3127,4241,4390,4191,4821,5074,4933,3702,4576,4956,4899,5014,5519,4415,4382,4793,4903,4829,5158,5383,4729,3708,4308,3702,4542,5018,5468,5235,4884,4889,5045,4943,5170,5751,4381,3536,4662,4541,4647,5091,5464,5120,3274,4170,4229,4572,4667,5439,4893,4906,5036,4591,4716,4832,5537,4856,3762,4705,4424,4449,4594,5492,5116,3869,4928,4635,4895,5748,5834,4754,3904,5784,5222,4920,5108,5518,4764,4181,4693,4321,5641,4682,5126,4622,4697,5100,4993,4588,5051,5562,5202,3686,4589,4499,4891,4770,4579,3868,3992,5047,5369,5829,6081,5989,5982,6440,5229,4954,6092,5081,6127,5883,7791,5627,5133,5346,5470,6955,7709,6808,7518,6222,4622,5429,6070,5096,5683,5495,5399,6738,6390,6239,6350,7712,5529,5108,5356,5708,6391,5644,4790,5386,5591,5471,6284,7050,5776,7555,5712,5371,5843,6078,6476,6309,5849,5579,5844,6326,6645,7314,8002,7288,5775,5770,6126,6861,6898,7035,5905,6204,5910,6280,6680,7950,9461,8275,6528,6487,6968,7803,8327,7755,8326,6511,6658,6827,7831,6714,7266,9183,7617,6316,6556,6817,7190,6034,5952,6757,5823,6010,7111,7213,6034,5299,5340,5349,5462,6250,6443,6415,7462,6664,5647,5399,5316,5791
b31702,5665,9480,9361,8778,6961,7323,7564,7123,7631,8795,8056,6599,8255,7267,7655,8435,9250,8615,6956,7798,7318,8360,8510,8685,8824,7013,7746,7091,7959,8016,8570,11331,6420,7733,7294,8262,8698,10651,11815,6867,8044,7522,8393,8773,9954,10484,7428,6514,8415,8482,8889,9806,9857,8961,8486,8308,8763,9017,10403,9248,7066,8373,6132,8201,9180,10749,10474,9268,8836,8301,9137,9731,11069,9839,8785,8813,8237,9169,9347,10626,9112,7662,8337,7685,8089,8948,10262,8418,8700,8992,7722,8265,8650,9736,7277,6872,8409,7580,8056,8737,10460,8351,6934,9037,8586,9383,10486,10514,6925,6718,9858,9800,8355,8560,9930,7473,6831,8851,8186,10667,7078,8450,7412,8322,8665,8055,8181,8784,10145,8094,7451,8682,8032,8289,8543,9801,7484,7463,8917,8619,8692,9315,10807,8534,8118,9036,8315,11976,9428,9544,9009,11765,8907,8454,8821,9679,13126,10523,7901,10130,11030,9081,9081,10842,8743,8441,9515,9112,12204,10201,10462,10772,13237,9999,8679,8777,9724,11265,10915,9980,9673,8732,8983,9827,12091,10577,10929,9926,8640,9051,10076,11254,10486,9528,9675,8972,9452,9979,11665,11456,10795,9980,8570,9624,10253,11508,11280,10338,9865,8819,9646,10452,12426,12575,11854,10202,9269,9867,10725,11675,11261,10159,10163,9426,9881,12366,9763,10679,12905,10544,9197,9504,9829,11702,10684,8984,9767,8953,9354,10212,11585,10227,9646,8948,8441,9202,9835,11330,10023,9779,9104,8344,8769,9130,10248
b31724,2533,3949,3976,3166,3081,2730,3228,3325,3315,3619,3035,2680,3582,3115,3417,3626,4131,3046,2620,3569,3590,3755,3889,3544,3309,2857,3348,3113,3452,3383,3397,3336,2754,3403,3481,3686,3710,4196,3422,2758,3576,3429,3790,4109,4475,3895,3346,2366,3410,3530,4046,4497,3486,3776,3972,3928,3992,4118,4806,3620,3270,3929,3209,4182,4252,4902,4210,4001,4196,4011,4078,4436,5079,4109,4039,4155,4023,4271,4307,4911,3860,3445,4383,4175,3883,4220,4751,4022,4210,4239,3922,4184,4309,5008,3790,3887,4335,4018,4094,4442,5391,4646,4278,4514,4464,4894,5678,5963,4137,4260,5568,4999,4323,4467,5076,4403,4090,4297,4200,5731,4774,4569,4403,5491,4461,4426,4252,4668,5446,4625,4683,4561,4222,4310,4624,5195,4665,5011,4600,4557,4624,4567,5593,5083,5557,4803,4672,7130,6939,5752,5765,7644,4739,4438,4688,5062,7613,6339,4990,6074,5211,4676,4983,5926,5393,5625,5205,5043,7066,6233,5843,5753,6984,5199,4594,4648,5569,6914,7210,6921,5548,4727,4908,5157,6229,6659,6156,5002,4661,4958,5573,6578,6918,6374,5538,4967,5124,5880,6767,7590,7049,5726,5002,5559,5494,6960,7920,7391,5641,5091,5343,6185,7654,7977,7995,5358,4992,5274,5771,6603,7641,6390,5369,5318,5453,7013,6055,6603,7730,5819,5267,5297,5463,6492,6888,6336,4989,5267,5188,5556,6341,6907,6243,5101,4581,5174,5754,6751,6495,6620,4735,4573,4699,5049,5858
b31901,5543,12802,12986,11788,7952,7761,11774,10485,10962,12955,10466,7325,10790,9884,10557,11065,12865,10819,7450,11172,9887,11108,11258,12038,10473,6728,11067,10136,10201,10058,12462,9963,5689,11008,10820,11369,11785,13589,11393,7300,11404,10655,11061,11833,13803,11239,5256,10844,10813,11176,11728,12831,10501,7757,11655,10737,11063,11541,13996,11582,7688,11958,10370,11597,12020,13442,11818,8868,11992,11262,11485,11875,13872,12069,8852,12191,11446,12109,12054,13736,11613,8147,12200,9301,11203,11668,13937,11710,9582,12886,11580,12101,12316,14484,11809,8558,12543,11641,12101,12316,14612,12065,8474,12764,12776,13361,13881,14981,10775,7101,9033,13163,11635,11929,13829,11719,8562,12413,11727,14397,8996,14874,11909,9386,12438,11689,11241,12616,12442,12580,8132,12972,11807,11859,11962,13989,11723,8001,12346,11728,12034,12164,14347,11869,8494,12393,11841,13496,8726,14216,11819,9551,12631,11786,12003,12615,15507,13208,8132,9687,13298,12263,12300,14043,11953,8528,11801,12103,14358,8635,13763,12199,9762,12512,12061,12110,11995,14227,12088,8511,12827,12015,12175,12874,14764,12421,9143,13004,12197,12677,13273,14492,12125,8705,12864,10163,12128,13614,13783,12568,9635,12332,11896,10015,13447,14283,12641,8642,12837,7546,11925,13535,14965,12660,9629,9275,12023,12986,13652,14828,13411,11530,12820,13070,13502,15946,8486,13190,10931,13519,11693,11899,13381,14812,12622,9361,13263,12433,12832,12996,14604,12401,9047,13392,12305,12065,12955,14669,12118,9013,12762,11383,9581,12858,14767
b32001,8113,11987,11421,12519,9055,8831,8307,7818,7935,8972,9784,7963,7722,7337,7697,8436,9325,10695,8768,7855,7437,8272,9097,8798,10469,8352,8240,10261,9848,8650,9979,12113,8048,8231,8657,9068,9814,10976,12621,7578,7533,7491,8546,8846,10241,13026,9020,8133,9009,9330,9986,11762,12326,9695,8710,8874,9425,9837,11288,11957,8881,8270,7699,8842,9388,11224,12104,10738,8701,8586,9342,9886,10994,10364,9305,8001,8026,8516,9632,10348,9957,8624,7152,6957,7540,7958,9571,8203,8979,7966,6895,7056,7567,8996,7014,7237,7182,6732,6796,7383,8892,8019,7054,7703,7278,8240,10357,9997,6985,6008,9189,8213,7187,7241,8233,6563,7080,6706,6401,8246,5986,6831,5966,8079,7113,6520,6675,7016,8091,6229,6162,6755,6602,6727,6958,7545,5413,6401,7216,6885,6773,7301,8168,6301,7034,6941,6647,9267,7637,7675,7256,10424,7444,6831,7116,8215,10419,8417,7611,8611,8777,7250,7642,8686,6973,7838,7196,7312,9340,8393,8668,8096,10980,7790,7288,7538,8172,9521,8199,8162,7719,7580,7525,8434,9446,7972,9480,8031,7715,7980,8764,9482,8355,8630,8031,8150,8072,8920,7429,8355,8261,8552,8198,8512,9177,10445,9753,9634,8980,8114,7357,9899,10726,10575,11330,9805,9931,9766,10546,11782,9765,11222,9473,9711,9768,12111,10147,7422,13004,10760,9322,9595,10006,11083,10016,10481,8649,8598,8668,6920,10718,9083,9090,8667,7938,8449,8625,9786,8463,9667,8312,7937,8195,8734,9653
b32002,7103,10764,9854,11607,8576,9318,6700,6365,6848,8294,9331,8301,6879,5994,6939,7697,8493,10484,8988,6515,6067,7050,7894,8086,10418,8071,6631,8558,9307,7531,9290,14070,8074,6724,6830,7829,8004,10246,14075,7909,6539,6212,7158,7879,9315,14044,8913,6570,7904,7830,8827,10043,13160,10242,7397,7351,8095,8454,10216,11563,8481,6182,5002,6774,7768,9586,11743,11412,7591,7346,8358,9322,10195,10020,9597,6969,7000,7425,8469,9080,8991,8287,6393,5962,6875,7342,9011,8489,9518,7385,6462,6293,7114,8156,6426,7015,6330,5770,6012,6638,8345,7364,6737,6809,6342,7352,9434,9122,6127,5566,9391,7938,6716,6788,7944,6666,7144,6405,6057,8554,7171,6450,5794,8384,6517,6123,6402,6727,7914,6324,6230,6357,6213,6281,6840,6803,5118,6423,6747,6472,6524,7258,8033,6570,7665,6749,6298,9384,7840,7149,7211,11178,7059,6402,6832,7780,10521,8316,8322,9548,8245,6540,7130,8637,7369,8567,7010,6969,9624,9200,8116,8094,12580,7523,6681,6910,7898,8989,7936,8719,7709,7088,7445,8257,9284,7992,10144,7534,6997,7940,8677,9446,9690,9084,7479,7184,7689,8666,9740,9952,10288,7581,7121,7536,8422,8456,9455,10214,7866,7184,8174,8823,10150,10497,11532,8418,7912,8392,9995,10736,10611,11581,8294,8270,8381,11311,9649,9667,13820,9805,7922,8153,8817,9540,9377,10228,8229,7227,7767,9007,9821,8573,8985,7736,6652,7330,7980,8988,7987,9558,7599,6797,7305,7643,8949
b32003,10369,17598,17042,16944,12570,13809,13579,12758,13371,15842,16012,13950,13468,12249,13073,14334,16076,16038,13145,13001,12058,13159,14301,15153,15279,11933,12488,13400,15014,13777,16510,17466,11729,12736,13004,14084,14455,17494,17449,11656,12841,12189,13316,14404,16915,18545,12924,13121,14133,14301,15246,17165,16766,14023,13962,13369,14456,15088,17488,16034,12532,12516,9671,13003,14162,16729,17574,15678,14337,13633,14539,15934,17591,15366,13199,13452,13063,14184,14794,16601,15033,12011,13092,12051,13373,14029,16222,14032,13744,14547,12669,12701,13812,15995,12680,10883,13121,12266,12879,13567,16037,13598,10599,13993,13161,14339,16978,16677,11244,8993,14134,15469,13662,14173,16014,12919,11202,13858,13095,16877,11820,14450,12758,13181,14072,13144,13435,14578,16221,13103,10452,13555,13039,13379,13945,11343,8974,10349,14074,13347,13399,14735,15770,13234,12866,13960,13421,17574,12383,15150,13442,17585,14522,13263,13818,15132,18912,16117,12704,15134,16175,13423,14422,16992,13932,13113,13674,13636,17591,14398,15777,14284,18690,14196,13561,13724,14828,16922,14284,13000,15270,13922,14158,15809,17367,14644,15755,14696,13803,14567,15504,16774,15331,14116,14571,14138,14488,15543,17248,16253,15976,14614,13861,14025,15663,16880,15595,14795,15126,13353,14511,16351,18484,17870,18196,16198,14982,15539,17337,18562,17596,17509,15660,15411,15544,19726,14675,15598,20364,16871,14849,15878,16420,17227,15111,15317,15688,13858,14584,16465,17557,14689,13977,14642,13308,14047,15199,17303,14823,16777,14428,13459,12959,14241,16154
l10402,602,1568,1728,1364,936,873,2031,1970,1980,2153,1356,994,1945,1998,1963,1986,2158,1422,1023,2136,1944,1910,1882,1897,1321,691,1736,1812,1780,1581,1651,895,568,1421,1752,1885,1854,2118,1439,887,1854,1964,1774,1996,2473,1368,916,1362,1709,1907,1815,1951,1261,1035,1907,2018,1902,1945,2171,1462,1011,1965,1828,2131,1979,2194,1511,1372,2009,2041,2015,1969,2263,1526,1112,1995,2023,2031,2100,2239,1701,1017,1962,2036,2085,2013,2321,1586,1327,2009,2128,2179,2081,2319,1651,1214,2064,2035,2124,2084,2491,1647,1978,1967,1909,2005,1929,2139,1390,1096,1232,2045,2122,2136,2203,1562,1240,2044,1981,2328,1192,2012,1521,1273,2339,2303,2020,2112,2401,1849,1128,2056,2033,2135,1903,2137,1578,1187,2056,2080,2067,2151,2333,1718,1556,1952,2148,2343,1196,2064,1574,1164,2108,2144,2227,2170,2712,1688,1299,1408,2407,2576,2483,2783,1752,1318,2160,2087,2306,1272,2005,1660,1514,2094,1955,2034,2141,2295,1629,1266,2149,2145,1971,2033,2362,1590,1462,1978,1945,1911,1851,2148,1572,1145,1852,1785,2028,1777,2100,1642,1395,1774,1800,1900,1953,2366,1605,1154,1829,1825,1817,1899,2204,1668,1478,1820,1976,2094,2084,2855,1835,1438,1840,2020,1927,2094,1145,1665,1521,1944,1838,1818,1849,2119,1714,1210,1891,1814,1760,1972,2218,1511,1068,1948,1862,1930,3760,2064,1537,1228,2131,1984,2038,1940,2102
l31102,4769,10019,10788,8718,5618,6139,13224,13188,13377,14106,9579,6333,13522,12885,13220,13650,14029,10569,6365,12905,12960,13332,13216,13155,9241,6047,13038,12645,12682,12536,13359,9338,5010,12973,13386,13488,13556,14414,9940,6329,13473,13438,13184,14096,13911,8904,5448,11184,12212,11779,11969,12524,8649,6430,13613,13279,13659,13518,14653,10715,6756,14330,12407,13530,14034,14698,10695,7095,13911,13990,13636,14066,14645,10656,7010,14527,14349,14570,14123,14591,11475,7157,14444,14422,14615,14604,14889,11291,7306,15265,14547,14600,14388,14929,11249,6964,14781,14547,14297,14924,15569,11012,6661,13508,13576,13755,13683,13259,9323,5781,6275,13998,13808,13893,14722,10216,6840,13983,13909,14776,6537,13128,9818,7311,14693,14410,13516,14366,15262,11020,6997,13763,13450,13938,13894,14659,10332,7008,14069,13840,13879,13961,14283,10935,7206,13920,14061,14355,6658,12312,9615,6304,13956,13189,14339,14024,14553,9799,5977,6230,13890,13640,12169,14102,10763,6587,13072,13228,14285,6275,11715,9359,6198,12862,13012,13173,13633,14072,10986,6499,13456,13874,13902,13846,14034,10234,6837,12968,13045,13367,13043,13497,9217,6117,12889,12498,12572,12974,12850,8877,5803,12483,12495,12779,13118,13068,8946,5878,12693,12431,12254,12658,12959,9184,6055,12384,11951,12001,12029,12489,8376,6132,11968,12223,12288,13155,5893,8269,5743,11549,11472,11352,11639,11670,8228,5599,11214,11648,11212,11828,10251,8166,5187,12659,12853,13124,13185,12985,9087,6327,13588,12464,13260,13268,13855
l39002,1256,2458,2639,2104,1479,1682,3251,3256,3250,3595,2131,1753,3373,3325,3466,3630,3757,2407,1699,3384,3406,3654,3554,3420,2146,1548,3306,3297,3370,3107,3421,1595,1122,3068,3328,3385,3394,3813,2192,1520,3608,3505,3516,3770,3958,2356,1640,3128,3399,3411,3419,3622,2006,1764,3663,3822,3775,3839,4072,2371,1841,3848,3543,3891,3907,4143,2507,2072,4814,3383,3626,4191,4239,2575,2012,4861,5224,5193,5489,5504,3388,2376,5087,5612,4928,5008,4734,2756,2237,4516,4482,4687,4787,4930,2923,2196,4691,4668,4660,4775,5000,2877,2205,4439,4598,4532,6940,4438,2201,1909,2106,4654,4704,4849,4862,2649,2181,4558,4730,5699,2112,3571,2588,2425,4675,4593,4589,4930,5014,2940,2133,4652,4460,4757,4624,4730,2823,2259,4658,4651,4729,4743,5038,2900,2386,4735,4756,5094,2166,3537,2650,2276,4591,4706,4851,4806,5160,2608,2099,2288,4975,4641,4646,4887,2781,2385,4648,4727,4959,2323,3362,2594,2300,4632,4579,4712,4811,4956,2850,2235,4632,4718,4845,5051,5044,2781,2395,4799,4600,4474,4815,4830,2825,2175,4494,4704,5019,4794,4891,2759,2386,4447,4414,4641,4929,4891,3127,2082,4544,4575,4497,4572,4899,3009,2304,3875,3715,3873,3973,3989,2578,2194,3812,3819,3890,4068,2252,2560,2388,4623,4532,4474,4749,4659,2902,2260,4620,4529,4632,5019,4928,2991,2202,4690,4551,4814,4797,4964,2785,2408,4880,4889,4986,4962,5058
l39003,1229,2426,2603,2080,1462,1657,3204,3226,3247,3582,2103,1748,3367,3285,3449,3601,3727,2391,1683,3371,3412,3647,3532,3409,2130,1531,3289,3288,3359,3109,3411,1591,1116,3058,3330,3383,3382,3790,2178,1529,3603,3489,3498,3753,3934,2333,1638,3129,3374,3406,3429,3609,2002,1757,3649,3813,3732,3817,4067,2346,1846,3819,3548,3855,3892,4112,2485,2055,4322,3764,3917,4136,4210,2474,2008,4782,5191,5109,5425,5448,3359,2369,5043,5515,4906,4976,4712,2747,2204,4433,4401,4580,4702,4870,2895,2184,4616,4588,4599,4617,4877,2866,2208,4361,4503,4460,6274,4397,2179,1909,2100,4583,4648,4796,4788,2640,2172,4493,4661,5354,2099,3557,2555,2390,4590,4487,4516,4789,4958,2919,2127,4583,4425,4704,4538,4684,2802,2251,4580,4556,4646,4704,5002,2890,2368,4688,4698,5029,2131,3507,2632,2254,4546,4644,4789,4741,5040,2592,2105,2275,4834,4613,4588,4832,2757,2378,4574,4686,4921,2296,3347,2554,2283,4547,4540,4633,4765,4894,2825,2235,4547,4673,4764,4985,4989,2754,2389,4744,4529,4447,4747,4759,2799,2158,4458,4657,4951,4762,4417,2720,2365,4399,4370,4590,4842,4842,3090,2041,4500,4517,4445,4518,4859,2964,2287,3843,3659,3820,3907,3947,2554,2173,3766,3791,3855,4037,2240,2518,2378,4572,4493,4396,4640,4618,2872,2242,4532,4495,4548,4979,4904,2954,2217,4629,4512,4741,4752,4898,2756,2389,4830,4829,4932,4898,5010
b05001,2301,5525,6243,5168,2805,2708,6397,5766,6018,7023,5014,3182,6102,5876,5721,6034,6705,5060,3349,5966,5976,5700,6055,6227,5117,2876,5800,5553,5305,4694,6256,4977,2290,5727,5867,5979,6069,7034,5382,2951,6319,6151,6027,6271,7178,5450,3166,5771,5683,5589,6104,6905,5108,3302,6418,6111,5833,6227,7205,5639,3410,6440,5211,6240,6493,7238,6084,4211,6398,6254,6353,6718,7370,6048,3997,6736,6378,6429,6598,7474,6011,3376,6828,6152,6252,6457,7423,6123,4311,6638,6627,6455,7012,7916,6542,4287,6874,6653,6632,6812,7757,6230,3812,6709,6940,6745,6743,7490,5348,3600,3492,7064,6435,6618,7671,5891,3992,6920,6655,7670,3994,7860,6053,4039,6757,6899,6624,6929,7780,7048,3642,6840,6490,6382,6287,7210,5946,3454,6822,6729,6526,6840,7708,6149,4515,6795,6605,7475,3661,7511,5807,3924,6882,6627,6651,6985,8028,6979,4243,4123,7153,6850,6481,7756,5915,3932,6904,6689,7526,3727,7069,5600,3956,6692,6448,6342,6702,7779,5978,3999,6873,6558,6596,7037,7861,5994,4178,6455,6412,6534,6452,7085,6035,3365,6171,6117,6335,6466,7236,6072,4161,6402,6253,6428,6377,7055,5754,3562,6423,6115,6114,6309,7393,6486,4136,6507,6476,6391,6518,7290,5719,4046,6298,6365,6564,7235,3722,6007,5128,6857,6466,6520,6470,7561,5664,3626,6513,6197,6190,6414,7222,6081,3606,6840,6239,6284,6340,7883,6994,5180,6930,6526,6480,6815,7591
b05425,3931,8118,9083,7496,5112,4613,10142,8851,9268,11140,7543,5031,9284,9198,9045,9233,10875,7344,5131,9284,9198,9045,9135,10102,7533,4883,8972,8842,8470,8095,9924,6279,3274,8280,9210,9066,9432,11349,7640,4891,9550,9229,8994,9738,11330,7579,5004,8606,9099,8685,8767,10000,7188,5590,9798,9218,9097,9579,11109,8125,5369,9986,8616,9274,9625,11247,8524,6373,9887,9589,9465,9579,11376,8402,6723,10045,9872,9213,9764,11634,8790,5701,10161,9569,9467,9929,11617,8501,7387,9946,10294,9715,9965,12028,8984,7069,10472,9727,10011,10204,12416,9237,6446,9998,10610,10060,10139,11341,7700,5606,5511,10243,9844,9886,11948,8733,6716,10223,10397,11228,6422,11454,8669,6472,10291,10053,9824,10475,12369,9625,6050,10175,10333,9797,9786,11241,8355,5878,10212,10051,9670,9975,11663,9053,6785,10230,10454,11287,6010,10871,8293,6081,10393,9860,10007,10394,12334,9744,6949,6509,10742,10077,10037,11801,8425,6265,10488,9920,11269,5918,10483,7690,5946,9939,9934,9625,10051,11602,8633,6354,10373,10213,10049,10314,12231,8799,7603,10411,9896,9671,9689,10931,8184,5671,9363,9585,9547,9602,11108,8584,7575,9512,9696,9413,9593,10773,8266,5698,9826,9209,9241,9525,10984,8419,6268,9158,9231,9339,9126,10751,8094,6938,9372,9576,9797,10625,6597,8433,7035,9841,9696,9957,9771,11148,7796,5997,9751,9564,9429,9792,10822,8252,6099,10012,9755,9299,9408,11474,8445,6890,10569,9758,9780,9903,11303
b06703,6799,12447,13164,10319,7521,9132,15722,15900,16029,17484,11239,9243,16534,16082,16320,16988,17972,11603,8831,16431,16421,16970,16790,16570,11174,8552,15473,15441,15959,15724,16480,9888,6409,15160,15935,16889,16911,17898,11582,8528,16350,16163,16606,17346,18645,12776,8563,13198,14685,14796,14814,15520,10808,10085,16896,16852,14796,17651,18567,12676,9407,16992,14421,17218,17707,19377,13536,11589,17463,17397,17953,18006,19476,12869,10218,17756,17808,17749,18401,19447,13643,8868,17369,17188,17148,17621,19457,13666,11502,17612,17766,18286,18501,19556,13156,10653,18068,17665,18628,18728,19957,13370,9663,16601,16559,17163,17153,16313,10903,8605,10321,17434,18186,18335,19142,13169,9887,18073,17882,20272,10551,15894,11032,11471,18727,18381,18025,19107,20152,14738,11248,17941,17461,18491,17777,18464,12515,10411,18318,18405,18534,18688,19751,13904,11788,17997,17951,19524,9834,14893,11977,11427,17870,17801,18260,18088,19827,12846,10751,11318,18164,18625,17693,18969,13377,11265,18191,17659,19548,11396,15264,12429,12124,17196,16838,17431,18187,18879,13225,11254,17821,18458,18506,19130,19195,12874,12669,17266,16495,16792,16909,17478,12736,10049,15951,16298,16688,16849,17475,12600,11681,15750,15326,16541,17222,16889,12281,9841,15315,15736,15908,16490,17046,12599,11189,15404,15384,16184,16776,17519,12485,11461,15676,15141,15924,16579,10368,11747,12455,16369,15393,15887,16114,16614,11980,10775,15709,15762,16024,16894,17276,12182,9496,15774,15753,16849,16925,17678,12126,10817,17551,17355,17420,17484,17637
b07205,1085,2419,2649,2042,1522,1443,2485,2482,2519,2916,1893,1378,2406,2432,2545,2442,2922,2031,1480,2450,2431,2520,2404,2737,1913,1175,2385,2364,2500,2279,2596,1558,957,2238,2458,2587,2525,3109,2031,1394,2488,2491,2390,2728,3107,2071,1613,2019,2603,2590,2663,3081,1853,1712,2589,2533,2628,2580,3084,2200,1615,2648,2123,2631,2608,3163,2396,2057,2580,2513,2551,2561,3174,2019,1514,2542,2696,2565,2808,2995,2257,1352,2658,2697,2754,2694,3058,2392,2262,2588,2720,2810,2701,3248,2342,1807,2675,2676,2728,2762,3348,2598,2197,2694,2626,2806,2812,3247,1959,1750,1786,2795,2742,2762,3213,2269,2200,2673,2610,3298,2118,3034,2229,1984,2900,3005,2796,2897,3494,2946,1810,2811,2710,2840,2582,3021,2268,1575,2861,3023,2932,2885,3452,2631,2488,2819,2797,3293,1808,2953,2453,2095,2837,2849,2862,2790,3709,3181,2663,3051,3082,3045,2873,3377,2449,2261,2845,2796,3263,2410,2979,2876,2527,2794,2723,2970,2974,3452,2820,2158,2848,2929,2913,2946,3482,2618,2663,2918,2617,2752,2722,3023,2758,1847,2751,2707,2981,2876,3365,2956,2956,2766,2605,2834,3116,3454,2956,1909,2722,2705,2929,2913,3462,2990,2405,2765,2922,3057,3083,3647,3163,2556,2778,2691,2812,3080,2202,2600,3057,3129,2724,2806,2790,3350,2475,2348,2940,2633,2709,2978,3542,2722,2552,2727,2598,2804,2708,3236,2374,2337,2999,2703,2792,2568,3129
b07803,2667,5081,5053,4619,3258,3518,5015,4702,4878,5522,4231,3344,5111,4748,4853,5121,5416,4145,3386,5031,4799,5118,5129,4935,3911,2970,4867,4517,4710,4753,5110,4174,2857,4804,5078,5216,5111,5765,4586,2648,5098,4855,5221,5369,5738,4569,3326,3785,4983,4785,4904,5603,4118,3914,5267,5243,5264,5465,5844,4339,3205,5363,4330,5183,5645,6353,5167,4350,6154,5550,5054,5072,5608,4640,3558,5581,5397,5490,5558,6110,4998,3303,5265,5275,5237,5402,6005,4875,4186,5514,5303,5586,5590,6286,4881,3734,5611,5319,5565,5608,6447,5434,3904,5649,5516,5897,5984,6219,4208,3840,4572,6045,5552,5618,6143,4708,3859,5595,5639,6654,4363,5550,4830,4188,5961,5589,5458,5952,6500,5329,4067,5662,5463,5616,5703,5834,4591,4172,5683,5780,5867,5848,6477,5239,4481,5836,5575,6781,4408,5939,5299,4708,5797,5566,5945,6013,7067,5708,4722,5111,6157,5738,5684,6484,5018,4557,5882,5843,7158,5433,6242,6436,6232,5850,5352,5514,6031,6537,5595,4739,5893,5849,5780,6325,6819,5652,5584,6066,5500,5804,6037,6560,5666,4521,5876,5875,5933,6111,6920,6171,5684,5787,5375,5795,6315,6427,6020,4606,5784,5682,5669,5931,6972,6769,6299,5982,5599,5688,6211,6623,6339,5842,5986,5334,5796,6708,5234,6011,6472,6491,5758,5740,6100,6709,5478,4895,6066,5661,5764,6145,6921,5293,4460,5687,5372,5937,6078,6342,5265,4684,6110,5621,5653,5781,6194
b07804,2245,4355,4271,4031,2782,3065,4143,3922,3935,4596,3612,2831,4118,3995,3985,4319,4585,3579,2706,4097,3939,4281,4183,4048,3417,2478,3957,3730,3880,4025,4415,3521,2305,3923,4085,4118,4197,4792,3788,2242,4269,4082,4346,4432,5003,3844,2752,3158,4015,3927,4090,4721,3702,3178,4472,4468,4625,4674,5087,3797,2767,4548,3549,4189,4588,5297,4495,3489,4654,4482,4362,4562,5076,3917,2917,4481,4363,4485,4625,4904,4157,2700,4292,4279,4121,4407,4944,4235,3303,4437,4253,4498,4662,5035,4040,2968,4661,4470,4487,4669,5220,4472,3303,4549,4555,4916,5072,5153,3514,3042,3789,4821,4489,4580,4985,4170,3222,4579,4398,5330,3345,4647,4046,3481,4815,4585,4523,4897,5344,4458,3280,4616,4292,4607,4448,4821,3988,3432,4726,4839,4721,4883,5350,4394,3612,4737,4531,5531,3702,5033,4678,4047,4790,4594,4792,4877,5917,4992,3989,4098,5234,4854,4740,5614,4505,3853,5095,5057,6014,4519,5062,5459,5081,4904,3956,4629,4982,5537,4760,4094,4902,4940,4771,5181,5771,4718,4382,4968,4469,4725,4911,5415,4705,3753,4738,4666,4670,4911,5647,5053,4525,4738,4543,4758,5061,5406,4906,3739,4617,4605,4808,4973,5788,5850,5115,4982,4702,4873,5132,5271,5094,4494,4808,4513,4871,5597,5147,4895,4953,5160,4677,4619,4865,5612,4617,3831,4823,4611,4666,4996,5366,4279,3414,4567,4247,4619,4715,5111,4321,3704,4927,4543,4648,4621,5056
b32057,9306,13903,13062,14675,10942,12309,8648,8460,8818,10939,13242,12392,8729,7554,8425,9804,11120,13112,11687,8056,7612,8841,9743,10424,12412,10179,7868,9262,11088,9291,11864,15213,10235,8328,8608,9750,9811,12791,16495,10040,8164,7780,8605,9716,11662,16304,11284,8624,10127,10051,11540,13349,15773,13271,9743,10127,10369,10885,13181,14453,11186,8241,6470,8936,10118,12517,14705,14863,9856,9584,10627,11871,13432,12746,11757,9240,9178,10057,10879,12343,12324,10662,8608,7765,9075,9813,11986,11385,12585,9161,8571,8512,9352,11341,9289,9368,8664,7869,8256,8948,11517,10531,9084,9483,8855,9854,12703,12665,8624,7606,12693,10616,8854,8898,10294,9136,9624,8612,7984,11533,11339,9329,8919,11293,8798,8348,8413,9235,10657,9280,8465,8450,8203,7298,9059,10657,9280,8471,8860,8487,7663,8493,10545,9415,11087,8688,8161,11833,10670,10035,10056,15864,9385,8197,8860,9717,13649,12752,11104,13312,11227,8720,9353,11376,10805,11416,9157,8820,12435,12910,11159,11379,17151,3934,8738,9209,10382,12206,11019,11270,10302,9344,9731,11185,12904,11671,14688,10268,9262,10008,11108,12367,12622,12567,10190,9963,10668,11829,13532,13998,14896,10412,9653,10231,11802,12919,13256,13470,11038,9810,10830,12418,14599,15553,17043,12207,11354,12228,14267,15578,15495,16299,11800,11498,11848,15567,13310,13778,19056,13241,11011,11883,12397,13367,13151,13828,11503,9879,10663,12540,13781,12332,12508,10265,9121,10043,10949,12570,11422,13978,10419,9350,9318,10088,11917
l31202,5022,10689,11350,8798,6251,6806,12681,12440,12592,13616,9659,6896,12387,12351,12418,12941,13496,10132,6662,12539,12363,12717,12641,12217,9213,6182,11836,11561,11854,11061,12546,8195,4720,11404,12439,12451,12594,14060,9842,6253,12622,12544,12273,13287,14752,10301,6853,10989,12154,12286,12303,13365,9435,7503,13053,12863,12765,13709,14535,10826,7730,13526,11744,13073,13766,14922,11525,9228,15103,13340,13693,13975,15308,11192,8331,14302,14108,14541,14361,15342,11800,7518,14026,13605,13942,13930,15273,12398,9687,14431,14400,14622,14920,15918,12196,8875,14240,14291,14625,14524,16164,12155,8843,14414,14165,14230,14466,15189,9638,6764,8041,14091,13955,14226,15220,11276,8265,13943,13858,15510,8435,14241,10616,9736,14361,14246,13841,15442,16218,13066,8420,13901,13584,13972,13287,14707,11368,8463,14148,14245,14421,14512,15663,12294,9555,14077,14538,15539,8625,13808,11033,8638,14152,14015,14789,14237,16510,12404,9222,9764,14804,14495,13794,15117,12098,9001,13877,13645,15359,9249,13353,10875,9163,14287,13603,13529,14466,15373,11645,8724,13965,14098,14270,14913,16151,11594,9625,14225,13314,13723,13478,14493,11431,8188,13088,13492,13916,13947,14960,11651,9271,13270,12712,13742,14395,14549,10891,7449,13197,13444,13160,13485,15394,11912,9071,12965,12351,13085,13371,14282,10822,9394,12823,12698,13068,14265,8337,11004,9248,13638,13096,13240,13528,14270,10678,8647,13227,12895,13463,14118,14782,11287,7792,13227,12795,13761,13602,14864,11113,8844,13866,13223,13401,13562,14478
l37002,1539,3834,3872,2739,1862,1997,5319,5301,5422,5604,3292,2228,5470,5258,5427,5635,5588,3574,2225,5311,5494,5516,5531,5090,3300,1959,5478,5042,5195,4994,5215,2824,1564,4964,5281,5406,5410,5828,3485,2048,5471,5477,5312,5684,5746,3291,2029,4570,4872,4823,4890,5031,3137,2200,5691,5560,5567,5621,5762,3703,2330,5667,5148,5626,5788,6043,3873,2500,6175,5620,5833,5930,6005,3806,2350,6023,5827,5700,5916,6041,3999,2316,6045,5746,5924,5910,6076,4079,2616,5920,5909,6038,6023,6395,4047,2377,6233,5920,5954,6115,6347,3928,2366,5704,5640,5793,5690,5536,3403,2113,2352,5931,6079,6219,6386,3800,2408,5958,6034,6522,2523,5094,3843,2809,6437,6120,6264,6406,6501,4376,2749,6111,5908,6145,5964,6206,3836,2569,6313,6507,6448,6539,6639,4150,2617,6511,6366,6544,2503,4933,3792,2451,6485,6304,6493,6315,6631,3854,2163,2356,6092,5880,6183,6127,3939,2450,6099,5985,6560,2428,4824,3502,2343,5931,5839,5966,6094,6290,4238,2483,5844,6033,6099,6166,6460,3998,2520,5880,5764,5851,5799,5891,3715,2348,5826,5782,5777,5849,5762,3549,2386,5696,5615,5735,5904,5643,3513,2230,5453,5626,5563,5462,5605,3564,2437,5405,5235,5256,5432,5493,3487,2506,5310,5264,5297,5608,2301,3466,2542,5517,5552,5518,5678,5666,3478,2361,5648,5431,5740,5755,5858,3629,2323,5820,5626,5940,5923,5815,3712,2415,6181,6012,6248,6057,6220
l40902,1346,2468,2729,2273,1807,1979,2536,2500,2447,2914,2200,1901,2647,2494,2527,2474,2822,2194,1831,2452,2523,2556,2536,2592,2023,1419,2345,2443,2389,2331,2568,1626,998,1987,2422,2431,2535,2997,2350,1721,2714,2494,2509,2739,3080,2386,1854,2239,2450,2423,2603,2897,2148,2205,2758,2757,2705,2719,3112,2584,2128,2768,2330,2734,2816,3226,2846,3097,2866,2844,2839,2866,3432,2541,2345,2924,2897,2997,3111,3353,3079,1865,2793,2692,2829,2833,3291,3369,3428,3193,3000,3301,3138,3621,2954,2182,3049,2974,2984,3029,3554,3019,3023,3194,2923,3139,3190,3581,2714,2272,2663,3085,3076,2991,3453,2722,2973,3023,2971,3581,2945,3634,3032,3304,3246,3159,3034,3316,3660,3768,2368,3068,2888,3087,2757,3237,2823,2542,3157,3234,3362,3579,3774,3258,3718,2966,3028,3412,2811,3426,3324,2896,3080,2963,3214,2938,3805,3865,4007,3983,3337,3338,2696,3129,2773,2891,3111,2991,3739,3236,3443,3602,3480,3210,3011,3038,3219,3332,3163,2904,2972,3276,3118,3472,3896,3344,3545,3265,2794,3066,2862,3152,3276,2599,2840,2996,3217,3164,3786,3972,3447,3060,2803,3351,3429,3473,3153,2423,2984,3107,3076,3193,3687,3511,3239,3019,3141,3704,3474,4015,3265,3849,3094,3153,3297,3509,3193,3279,3992,3610,3244,3223,3315,4133,2909,3134,3212,2984,3272,3573,3826,3096,2321,2960,2727,2890,3133,3529,2937,3185,3324,3010,2896,2884,3154
b09702,2358,3452,3334,3432,2401,2954,2131,2042,2266,2778,2796,2625,2396,2066,2181,2547,2942,2970,2682,2144,2049,2348,2570,2580,3670,2794,2212,2119,2414,2315,2732,4838,2363,2231,2103,2438,2431,3523,5049,2262,2173,1872,2402,2474,3105,4516,2741,1574,2275,2433,2550,3273,4357,3723,2441,2451,2679,2790,3333,3861,2693,2185,1886,2249,2716,3450,4431,3950,2550,2239,2776,3110,3625,3728,3391,2422,2337,2759,2914,3502,3327,2762,2023,1911,2241,2430,3160,2768,3478,2670,2182,2181,2335,2920,1910,2243,2166,1874,2068,2309,2875,2422,2158,2457,2134,2480,2998,3344,2290,1947,3072,2602,2045,2173,2626,1886,1929,2185,2002,2776,2024,2271,1844,2452,2248,2008,2001,2167,2727,2181,1935,2112,1904,2030,2016,2519,1670,1923,2361,2089,2124,2387,2902,2444,2593,2207,2065,2995,2846,2615,2444,3305,2312,2096,2340,2470,3655,3366,3030,3680,2888,2415,2458,2992,2435,2724,2517,2305,3288,3722,3301,3250,4930,2838,2172,2181,2635,2840,2885,2827,2489,2384,2330,2683,3708,3298,3826,2769,2191,2290,2732,3126,3111,2762,2555,2377,2544,2869,3224,3817,3621,2790,2333,2627,2850,3213,3126,3204,2499,2000,2014,2570,3478,3673,3846,2889,2573,3040,3035,3486,3925,3832,3095,2728,2837,3632,3275,3707,5048,3478,2845,2738,3088,3495,3103,3359,3096,2530,2742,3038,3636,2912,2989,2380,2358,2575,2780,3334,2859,3120,2847,2304,2326,2515,2961
b06502,2641,5325,5466,4864,3737,3690,5873,5336,5810,6526,4909,3691,5853,5535,5807,5628,6431,4859,4033,5905,5466,5833,5941,5841,4648,3434,5656,5413,5379,4982,6151,4002,2606,5457,5577,5769,6150,6730,5193,3807,5932,5580,5795,6264,7003,5271,3965,5624,5500,5619,6448,6483,5401,4398,6029,6006,5972,6302,7482,5524,4157,6313,5106,5837,6209,7101,5519,4801,6255,5930,6117,6317,7147,5796,4915,6239,6032,6181,6498,7320,6236,4688,6362,6036,6056,6429,7393,6237,8199,6279,6005,6232,6630,7499,6264,5124,6638,6177,6454,6702,7884,6363,5115,6519,6539,7017,7418,7484,5247,4526,5233,6924,6595,6403,7543,5924,4905,6445,6406,7748,5828,7220,6154,5521,6684,6442,6410,6932,7584,6621,4990,6448,6294,6398,6340,7283,6183,4882,6450,6300,6574,6712,7583,6361,5219,6367,6274,7782,4802,6846,6036,5254,6577,6210,6543,6802,8012,6810,5311,5539,7038,6524,6445,7472,6055,5202,6758,6597,7607,5065,6762,5697,5118,6451,6531,6343,6610,7549,6264,5130,6655,6673,6710,6923,7525,6321,5561,6540,6374,6704,6983,7365,6456,5117,6538,6503,6664,6938,7493,6681,5585,6528,6376,6744,7014,7377,6525,5023,6273,6011,6310,6753,7196,6335,5667,6362,6164,6571,6884,7454,7239,5953,6630,6893,7018,8239,5737,6718,6174,6892,6738,7055,7292,7896,6480,5404,7008,6995,6907,7220,7720,6879,5589,6700,6494,6667,6749,7554,6391,5224,6568,6474,6520,6871,7753
b07304,1283,3310,3393,2455,1696,1845,4079,4010,4016,4391,2686,2007,4058,3982,4249,4390,4561,2998,2230,4100,4038,4082,4129,3672,2615,1904,3921,3603,3772,3401,3887,2149,1128,3545,3915,4114,4065,4530,2901,1926,4071,4116,3869,4297,4685,2957,2048,3557,3837,3857,3840,4190,2613,2123,4098,4153,4356,4266,4566,3205,2280,4285,3746,4280,4271,4533,3112,2535,4354,4416,4334,4370,4802,3360,2514,4530,4429,4601,4632,4790,3393,2190,4361,4191,4446,4376,4857,3588,2827,4449,4397,4577,4520,4924,3405,2564,4525,4494,4522,4587,4995,3306,2337,4426,4514,4614,4664,4589,2730,2305,2536,4459,4530,4573,4787,3106,2369,4475,4470,4796,2411,4105,2931,2979,4567,4705,4546,4864,5043,3576,2613,4557,4364,4544,4320,4622,3138,2512,4356,4483,4573,4593,4775,3296,2637,4541,4521,4958,2365,3775,2951,2413,4582,4367,4689,4551,5056,3088,2459,2558,4470,4476,4244,4678,3125,2482,4440,4489,4857,2394,3754,3154,2643,4295,4316,4489,4481,4763,3526,2559,4435,4523,4596,4675,4901,3291,2649,4514,4531,4503,4432,4767,3263,2380,4270,4319,4589,4588,4568,3123,2533,4178,4216,4507,4490,4383,3020,2238,4031,4256,4138,4190,4570,3337,2683,4019,4032,4273,4228,4323,2980,2582,3867,4027,4089,4441,2295,3019,2832,4394,4232,4320,4541,4608,3152,2337,4304,4230,4460,4686,4632,3133,2175,4228,4385,4350,4370,4550,3023,2313,4416,4358,4489,4458,4720
l11802,2639,4366,4277,3652,2802,2713,3649,3486,3613,3983,3305,2632,3503,3257,3486,3574,3994,3267,2718,3412,3351,3450,3523,3735,3270,2532,3230,3354,3443,3489,3952,3760,2498,3793,3768,3954,4079,4565,3821,2529,3481,3522,3315,3694,4301,3763,2814,2950,3481,3376,3606,4107,3398,3365,3829,3664,3764,3706,4344,3586,2776,3650,2808,3696,3577,4437,3698,3331,3870,3796,3763,3967,4258,3390,2413,3744,3706,3410,3883,4327,3745,2337,3321,3334,3454,3613,4088,3981,3161,3763,3617,3628,3570,4168,3562,2664,3845,3159,3511,3409,4032,3477,2512,3545,3287,3532,3829,4093,4038,2562,2857,3717,3451,3653,4086,3259,2975,3688,3432,4148,3227,3972,3497,2873,3689,3641,3615,3919,4350,3992,2849,3654,3356,3529,3350,3800,3185,2532,3589,3683,3807,3753,4108,3245,3421,3494,3378,4002,2834,4193,3674,3282,3657,3525,3778,3702,4694,4386,4419,3863,4604,3967,4437,4461,3544,3393,3740,3541,4294,3301,3902,3812,3420,3755,3544,3593,3826,4456,4014,3045,3590,3846,3842,4195,4625,3167,3905,3490,3569,3682,3728,4207,4319,3208,3768,3792,4039,3837,4492,4329,3466,3643,3589,3776,4142,4280,4203,3246,3589,3607,3653,3883,4561,4385,3234,3848,3796,4163,4181,4858,4027,3740,3880,3764,3740,4317,4078,4146,4255,4273,3769,3796,3851,4620,4362,3531,3917,3586,3741,4340,4540,3646,2888,3484,3252,3460,3568,4138,3673,3333,3928,3515,3846,4077,4181
l37102,1597,3143,3288,2727,1893,2031,3612,3620,3738,4021,2982,2154,3781,3606,3608,3932,4094,3212,2156,3711,3709,3735,3685,3438,2838,2065,3494,3348,3457,3133,3470,2288,1440,3085,3544,3557,3614,4039,2991,2143,3589,3629,3521,3872,4273,3201,2158,3051,3592,3456,3594,3855,2911,2364,3838,3796,3734,3926,4317,3403,2424,3737,3610,3846,3887,4436,3466,2774,3985,4051,3905,4030,4489,3277,2581,4091,4053,4058,4193,4566,3494,2283,3932,3963,4063,4100,4451,3679,3050,4288,4218,4394,4287,4504,3801,2791,4184,4270,4552,4672,4806,3535,2810,4111,3942,3920,4115,4487,3146,2247,2480,4111,4161,4259,4626,3509,2916,4210,4002,4565,2619,4318,3155,3243,4128,4363,4267,4378,5328,4188,2713,3989,3694,3982,4001,4202,3345,2516,4128,4260,4216,4260,4572,3705,2813,4057,4185,4258,2524,4017,3057,2531,4181,3952,4146,4163,4789,3733,2635,2725,4116,4200,4077,4397,3667,2864,4103,3885,4241,2582,3701,3220,2588,4109,3909,3619,4220,4493,3379,2374,4114,3985,4136,4355,4690,3501,2876,4095,3906,3788,3738,4119,3302,2533,3623,3899,3881,4142,4188,3468,2746,3918,3762,3935,4123,4249,3527,2225,3841,3913,3834,3903,4457,3423,2778,3818,3663,3774,3860,4212,3125,2931,3792,3604,3665,3917,2497,3383,2722,3941,3636,3676,3804,3969,3098,2702,3845,3636,3979,4079,4340,3334,2306,3727,3524,3784,3898,4335,3211,2908,4111,4015,4040,4000,4206
l53701,1494,2645,2759,2221,1659,1880,3153,3071,3086,3554,2344,2014,3318,3099,3185,3100,3341,2346,1789,3135,3210,3272,3235,3041,2211,1621,3059,2992,2981,3042,3258,2342,1768,3178,3237,3387,3279,3763,2608,1421,3160,3061,3188,3323,3690,2499,1803,2326,2973,2905,3056,3418,2251,2172,3342,3567,3517,3662,3902,2396,1710,3528,3299,3776,3843,4363,3217,2487,3857,3724,3580,3634,3972,2982,2210,3682,3741,3690,3871,4250,3135,1861,3658,3579,3607,3649,4042,3076,2462,3763,3794,3901,3874,4416,3214,2240,4013,3844,3885,3863,4328,3487,2419,3632,3628,3836,3998,3909,2721,2095,2384,3893,3954,3857,4324,3062,2397,4066,3911,4400,2723,3702,2931,2459,4005,3893,3813,4059,4408,3505,2411,3775,3824,3763,3805,4086,2905,2511,3992,3958,4063,4100,4398,3267,2539,3922,3803,4161,2403,3592,2838,2359,3837,3710,3846,3783,4217,3150,2640,2560,3606,3689,3663,4228,3040,2625,3998,4010,4387,3317,4531,4307,3924,3786,3684,3520,3836,3945,3083,2429,3746,3638,3713,3882,4078,2978,2736,3513,3301,3604,3438,3675,2753,2191,3392,3377,3471,3492,3680,3043,2636,3321,3288,3366,3582,3892,2933,2157,3348,3493,3242,3502,3718,2921,2732,3375,3232,3360,3730,3809,3176,3059,3694,3193,3616,3760,3951,2880,2837,3842,3585,3570,3924,3999,2780,2612,3799,3640,3763,3822,4184,2762,2331,3503,3704,4195,4154,4065,2727,2491,4135,3881,3669,3375,3933
b09602,1430,2259,2489,2113,1320,1472,2469,1955,2135,2446,1836,1377,2133,2064,2004,2132,2504,1812,1355,2037,2181,2189,2278,2433,1964,1379,2061,2094,2128,2119,2316,2063,1330,2180,2218,2234,2362,2775,2393,1247,2122,2204,2285,2221,2610,2182,1559,1771,2208,1982,2135,2509,1945,1848,2200,2209,2212,2292,2899,2049,1411,2087,1915,2162,2309,2773,2072,1677,2335,2277,2200,2373,2857,2121,1657,2255,2261,2177,2247,2642,2008,1317,2088,2213,2061,2190,2836,1993,1614,2445,2262,2014,2206,2519,2059,1963,2152,2111,2348,2295,2618,1756,1389,2273,2116,2221,2415,2654,1751,1254,1495,2339,2160,2292,2672,1755,1348,2324,2274,2568,1388,2489,2128,2090,2438,2429,2274,2444,2775,2172,1481,2300,2343,2163,2390,2651,1776,1425,2336,2385,2269,2365,2735,2014,1954,2164,2121,2723,1705,2617,1987,1673,2354,2234,2301,2383,3045,3413,3355,2084,2478,2312,2400,2911,2137,1682,2475,2404,2778,1930,2870,2586,2485,2422,2385,2328,2416,2818,2274,1715,2543,2481,2308,2485,3139,2208,1904,2169,2063,1979,2222,2569,1885,1558,2108,2147,2146,2158,2525,2206,1685,2287,2137,2119,2285,2585,2128,1746,2258,2494,2348,2290,2629,2343,1936,2342,2268,2304,2582,2907,2322,1922,2359,2454,2402,2948,2061,2472,2781,2663,2426,2528,2504,2774,2228,1542,2439,2160,2112,2286,2618,2075,1728,2484,2253,2366,2324,2853,2210,1671,2650,2524,2353,2376,2795
b07005,5644,11645,12438,9723,6852,7080,13361,13013,13148,14490,9996,7279,13259,13196,13079,13481,14484,10474,7206,13253,13139,13091,13433,12540,9484,6610,12890,12350,12011,12146,12384,7418,4734,11707,12123,12808,13220,14486,9954,6685,13289,13132,12710,13974,14724,10403,6708,10975,12448,12565,12787,13443,9261,7601,13719,13509,13230,13730,14744,10443,6893,13883,14193,13430,14169,15131,10936,8402,14113,13759,14151,13819,15018,10622,7460,14210,14027,14024,13959,14969,11163,7109,13928,13769,13764,13945,14995,11575,8159,15385,14415,14266,14489,15772,11709,7864,13496,12888,14215,14803,16371,11662,7694,14301,14378,14437,14464,14060,9277,7211,7745,14689,14335,14693,15630,11024,7906,14685,14506,16297,8418,14288,10937,8609,14542,14636,14223,14764,15855,12459,8249,14618,14039,13946,14145,15217,11280,8080,14330,14235,14338,14527,15648,11476,8231,14504,14209,15178,7607,13864,10612,8146,14580,14022,14709,14836,15909,11230,8772,8360,15154,14218,13810,15462,11577,8008,14370,14200,15455,7916,13472,10741,9153,13784,13388,13368,14129,15143,11326,8082,14102,14355,14158,15027,16843,16568,9649,13964,13411,13896,14196,15059,11001,7837,13653,13864,14047,14196,14843,11783,9463,13596,13798,13873,14304,14743,10727,7520,12942,13508,13558,13848,15421,11728,8114,13035,13263,13762,14079,14551,11619,9082,13676,13941,13745,18895,9267,11399,9562,14199,14040,14159,14395,14766,11188,8545,14432,14257,14328,14687,15115,10842,7519,14212,13982,13343,13388,15614,11095,8592,14941,14432,14507,14780,15470
b07602,5759,12289,13020,10474,7404,7904,14113,14078,14158,15497,10636,8680,14285,14089,14480,14586,15492,11643,8310,14553,14221,14511,14485,12914,10457,7204,13976,13326,13209,12492,13080,7234,4975,12470,13484,14124,14387,15567,10970,7438,14180,14465,14187,15102,15971,11035,7811,12593,13605,13732,13795,14403,10105,8546,14627,14718,14689,15017,15977,11760,8115,14883,13070,14723,15038,16338,12317,10846,15081,14821,15114,15134,16533,11737,9873,14978,15316,15662,15626,16549,12156,8564,15116,15059,15151,15190,16526,12203,10708,15580,15831,15805,16246,17166,12704,8746,15978,15788,15841,16068,16809,11877,9464,15262,15316,15492,15572,14763,10416,8632,9618,15598,15565,15970,16954,12463,9746,15628,15628,17173,10528,15319,11783,11029,15655,15533,15608,16117,17229,13314,10466,15415,15450,15527,15163,16121,12204,10133,15500,15683,15741,16148,17499,13393,10648,15094,15794,17074,9307,14616,11736,10269,15331,15363,16131,16009,16964,12130,10133,9779,15688,15691,15119,16911,12448,10526,15653,15563,17149,10938,14076,12005,10649,15232,15361,15499,16380,17179,12862,10229,15823,16039,16383,17284,17724,12205,11519,15404,15202,15495,15793,16461,12777,9589,14164,14690,14774,15095,15366,11686,9939,14028,14525,14893,15780,15793,12273,9201,14218,14560,14588,14725,15379,12328,10940,14171,14836,15680,15430,15637,11689,10629,14477,14776,15308,16008,10908,12682,12937,14465,14636,14824,15102,15932,12019,10068,14510,14406,14886,15708,15927,11974,9178,14683,14740,15256,15416,16604,12743,10204,15107,15346,15060,15399,16508
l37101,3176,6663,7046,5373,4018,4265,7708,7558,7573,8475,5805,4176,7658,7554,7617,7892,8488,5954,4115,7596,7563,7757,7698,7654,5529,3692,7287,6960,7434,6751,7895,5002,2836,7062,7534,7558,7608,8876,5940,3904,7791,7689,7430,8110,9027,6218,4242,6573,7358,7233,7461,8292,5746,4577,8019,7965,7987,8165,8943,6710,4332,8362,7334,7989,8241,9004,7091,5849,8894,8134,8708,8624,9494,6809,5375,8813,8569,8898,8616,9602,7293,4749,8561,8171,8484,8611,9353,7475,6087,8794,8828,9232,9419,9761,8076,5727,8825,8736,9144,9118,9887,7271,5555,8924,8663,8820,8986,9524,6506,4411,5159,8896,8888,9040,9530,7118,5325,8814,8859,10007,5430,9118,6788,6201,9087,8920,8869,9701,10063,8332,5448,8762,8515,8938,8460,9492,6945,5557,8954,9068,9125,9295,9819,7961,6380,9032,9244,9692,5636,8650,6933,5493,9011,8673,9511,9238,10506,7962,6129,6335,9345,9227,8784,9729,7197,5680,8866,8845,9724,5900,8588,6873,5927,9006,8738,8722,9113,9782,7813,5696,9174,9034,9258,9317,10081,7389,6187,9056,8502,8493,8436,9193,7273,5561,8339,8574,8768,8641,9383,7142,5959,8208,8046,8854,8909,8893,6810,4654,8424,8355,8243,8583,9551,7617,5878,8300,8000,8686,8598,9200,6956,6152,8287,8177,8547,8947,5350,6775,6044,8556,8055,8200,8569,8892,6885,5474,8231,8203,8574,8857,9301,7140,5101,8217,7934,8661,8449,9347,7142,5571,8857,8675,8853,8699,9270
l70202,4058,5627,5501,4733,2973,3404,3514,3529,3593,3593,3082,2338,3475,3238,3082,3419,3593,3367,2727,3149,3064,3309,3312,3593,3061,2340,3415,3449,3803,3614,3768,4308,3379,4231,4484,4712,4447,4671,4001,2089,3480,3584,3586,4087,4073,4391,2714,3858,4511,3854,4102,4269,3245,3513,4038,4259,4136,4004,4224,4161,2779,3543,3330,3597,3708,4075,3940,3550,3791,3752,3716,3740,4156,2846,1806,3621,3588,3282,3759,3994,3604,1755,3080,3367,3385,3452,3642,3320,3020,3790,3548,3667,3767,3749,3031,1987,3840,3499,3294,3457,4184,3717,2820,3880,3665,3724,4646,4559,4213,2935,3642,4013,3881,3805,4046,3271,2552,3578,3816,4390,2986,4410,3233,2727,3995,4380,3532,4160,4080,3827,2345,3993,3684,3536,3799,3750,3198,2736,4232,4491,4736,4750,4754,4254,4212,4619,4090,4390,4160,5748,5455,4649,4730,4228,4421,4347,4735,5164,4733,4674,4588,4252,4316,4625,3834,3501,4366,4584,4871,4102,4739,4799,4058,4407,4037,4141,4498,4815,4134,2815,4129,4628,4523,4893,5032,4318,4082,4543,4169,4196,4313,4434,4081,3774,4572,5007,5161,5445,5678,5735,3999,4952,5053,5184,5452,5276,4960,3892,5149,5213,5497,5233,6026,5681,4939,5712,5711,5846,6537,6376,5607,5371,5692,5889,5662,6383,5333,6191,5636,6385,6006,5306,5562,5463,4583,4409,5152,4433,4534,5340,5401,4583,3816,3900,4056,4210,4811,5471,7345,9464,9197,5279,4125,4039,4521
l30301,3329,7853,8469,6043,4008,4477,9776,9301,9294,9973,6892,4950,9209,9288,9173,9383,10137,6857,4571,9076,9219,9073,9295,8900,6347,4130,8934,8982,8580,8373,9339,5723,3451,9134,9668,9537,9466,10234,6938,4234,9325,9516,9158,9769,11248,7217,4659,8024,8666,8610,8583,9240,6354,5011,9559,9894,9500,10134,10518,8037,5149,9911,9170,9785,9848,10924,8264,6315,10131,9992,9921,10193,11187,7629,5794,10213,10309,10267,10198,10931,7933,4933,9993,9744,9880,10044,11361,8525,6392,11131,10740,10499,10590,11977,8544,5981,10805,10520,10520,10678,11378,8105,5757,9704,10086,9894,10002,10932,7128,4315,5466,9959,10157,10151,10920,7908,5530,10196,10402,11536,5883,11001,7845,6207,10527,10575,10646,11294,11651,8692,5908,10069,9982,10156,9692,10640,7797,5581,10241,10517,10411,10647,11620,8701,6370,10272,10818,11597,5520,10432,7610,5536,10670,10495,10813,11101,12600,8430,6316,6488,10933,10594,10185,11169,8155,5806,10265,10933,11515,6069,9658,7653,6120,10740,9666,9724,10727,11375,8415,5767,10520,10584,10780,12542,13552,9663,7384,10264,10047,10164,9884,10553,7748,5500,9493,9759,9855,9982,10959,8246,6237,9703,9747,9612,10314,10413,7201,4833,9671,10034,9512,10070,12091,9952,6443,9841,9638,9892,9968,11131,7986,6258,9743,9684,9715,10816,7307,8869,6425,10214,9991,9710,9905,10440,8146,6196,10032,10045,10101,10293,10809,7657,5171,10046,9369,9693,9696,10986,7814,6371,10527,10335,10227,10141,11042
